-- phpMyAdmin SQL Dump
-- version 5.2.0
-- https://www.phpmyadmin.net/
--
-- Host: 127.0.0.1
-- Generation Time: Feb 05, 2025 at 09:11 AM
-- Server version: 10.4.27-MariaDB
-- PHP Version: 8.0.25

SET SQL_MODE = "NO_AUTO_VALUE_ON_ZERO";
START TRANSACTION;
SET time_zone = "+00:00";


/*!40101 SET @OLD_CHARACTER_SET_CLIENT=@@CHARACTER_SET_CLIENT */;
/*!40101 SET @OLD_CHARACTER_SET_RESULTS=@@CHARACTER_SET_RESULTS */;
/*!40101 SET @OLD_COLLATION_CONNECTION=@@COLLATION_CONNECTION */;
/*!40101 SET NAMES utf8mb4 */;

--
-- Database: `online_rest`
--

-- --------------------------------------------------------

--
-- Table structure for table `admin`
--

CREATE TABLE `admin` (
  `adm_id` int(222) NOT NULL,
  `username` varchar(222) NOT NULL,
  `password` varchar(222) NOT NULL,
  `email` varchar(222) NOT NULL,
  `code` varchar(222) NOT NULL,
  `date` timestamp NOT NULL DEFAULT current_timestamp() ON UPDATE current_timestamp()
) ENGINE=InnoDB DEFAULT CHARSET=latin1 COLLATE=latin1_swedish_ci;

--
-- Dumping data for table `admin`
--

INSERT INTO `admin` (`adm_id`, `username`, `password`, `email`, `code`, `date`) VALUES
(1, 'admin', '0192023a7bbd73250516f069df18b500', 'admin@gmail.com', '', '2021-04-07 08:40:28'),
(2, 'admin123', '0192023a7bbd73250516f069df18b500', '', '', '2021-11-14 03:46:18');

-- --------------------------------------------------------

--
-- Table structure for table `dishes`
--

CREATE TABLE `dishes` (
  `d_id` int(222) NOT NULL,
  `rs_id` int(222) NOT NULL,
  `title` varchar(222) NOT NULL,
  `slogan` varchar(222) NOT NULL,
  `price` decimal(10,2) NOT NULL,
  `img` varchar(222) NOT NULL
) ENGINE=InnoDB DEFAULT CHARSET=latin1 COLLATE=latin1_swedish_ci;

--
-- Dumping data for table `dishes`
--

INSERT INTO `dishes` (`d_id`, `rs_id`, `title`, `slogan`, `price`, `img`) VALUES
(2, 1, 'Chicken Achari', 'Dahi, achar, tomatoes, mustard oil, fennel seeds', '250.00', '606d73302ece2.jpg'),
(7, 2, 'Crispy Chicken Strips', 'Fried chicken strips, served with special honey mustard sauce.', '460.00', '606d74f6ecbbb.jpg'),
(9, 3, 'Vegetable Fried Rice', 'Chinese rice wok with cabbage, beans, carrots, and spring onions.', '350.00', '606d7575798fb.jpg'),
(14, 4, 'Mac N Cheese Bites', 'Served with our traditional spicy queso and marinara sauce.', '350.00', '606d768a1b2a1.jpg'),
(16, 4, 'Meatballs Penne Pasta', 'Garlic-herb beef meatballs tossed in our house-made marinara sauce and penne pasta topped with fresh parsley.', '470.00', '606d76eedbb99.jpg'),
(17, 1, 'Chicken Roast', 'Crispy, crackly skin, with most of the fat rendered out. Perfectly cooked, barely pink breast (155°F) ', '1000.00', '619086f56b9c8.jpg');

-- --------------------------------------------------------

--
-- Table structure for table `remark`
--

CREATE TABLE `remark` (
  `id` int(11) NOT NULL,
  `frm_id` int(11) NOT NULL,
  `status` varchar(255) NOT NULL,
  `remark` mediumtext NOT NULL,
  `remarkDate` timestamp NOT NULL DEFAULT current_timestamp()
) ENGINE=InnoDB DEFAULT CHARSET=latin1 COLLATE=latin1_swedish_ci;

-- --------------------------------------------------------

--
-- Table structure for table `restaurant`
--

CREATE TABLE `restaurant` (
  `rs_id` int(222) NOT NULL,
  `c_id` int(222) NOT NULL,
  `title` varchar(222) NOT NULL,
  `email` varchar(222) NOT NULL,
  `phone` varchar(222) NOT NULL,
  `url` varchar(222) NOT NULL,
  `o_hr` varchar(222) NOT NULL,
  `c_hr` varchar(222) NOT NULL,
  `o_days` varchar(222) NOT NULL,
  `address` text NOT NULL,
  `image` text NOT NULL,
  `date` timestamp NOT NULL DEFAULT current_timestamp() ON UPDATE current_timestamp()
) ENGINE=InnoDB DEFAULT CHARSET=latin1 COLLATE=latin1_swedish_ci;

--
-- Dumping data for table `restaurant`
--

INSERT INTO `restaurant` (`rs_id`, `c_id`, `title`, `email`, `phone`, `url`, `o_hr`, `c_hr`, `o_days`, `address`, `image`, `date`) VALUES
(1, 1, 'Gazebo', 'gazebo@gmail.com', '4312533432', 'www.gazebo.com', '12pm', '12am', 'Mon-Sat', 'Borivali', '606d71a81ec5d.jpg', '2021-04-07 09:18:19'),
(2, 2, 'Eataly', 'eataly@gmail.com', '0557426406', 'www.eataly.com', '11am', '9pm', 'Mon-Sat', 'Goregaon', '606d720b5fc71.jpg', '2021-04-07 08:49:15'),
(3, 3, 'Mainland China', 'mainland@china.com', '4326538776', 'www.mainlandchina.com', '8am', '9pm', 'Mon-Fri', 'Malad', '606d72653306f.jpg', '2021-04-07 08:50:45'),
(4, 4, 'TGI Fridays', 'tgi@gmail.com', '2342353325', 'www.tgif.com', '9am', '9pm', 'Mon-Sat', 'Lower Parel', '606d72a49503a.jpg', '2021-04-07 08:51:48');

-- --------------------------------------------------------

--
-- Table structure for table `res_category`
--

CREATE TABLE `res_category` (
  `c_id` int(222) NOT NULL,
  `c_name` varchar(222) NOT NULL,
  `date` timestamp NOT NULL DEFAULT current_timestamp() ON UPDATE current_timestamp()
) ENGINE=InnoDB DEFAULT CHARSET=latin1 COLLATE=latin1_swedish_ci;

--
-- Dumping data for table `res_category`
--

INSERT INTO `res_category` (`c_id`, `c_name`, `date`) VALUES
(1, 'Indian', '2021-04-07 08:45:20'),
(2, 'Italian', '2021-04-07 08:45:23'),
(3, 'Chinese', '2021-04-07 08:45:25'),
(4, 'American', '2021-04-07 08:45:28');

-- --------------------------------------------------------

--
-- Table structure for table `users`
--

CREATE TABLE `users` (
  `u_id` int(222) NOT NULL,
  `username` varchar(222) NOT NULL,
  `f_name` varchar(222) NOT NULL,
  `l_name` varchar(222) NOT NULL,
  `email` varchar(222) NOT NULL,
  `phone` varchar(222) NOT NULL,
  `password` varchar(222) NOT NULL,
  `address` text NOT NULL,
  `status` int(222) NOT NULL DEFAULT 1,
  `date` timestamp NOT NULL DEFAULT current_timestamp() ON UPDATE current_timestamp()
) ENGINE=InnoDB DEFAULT CHARSET=latin1 COLLATE=latin1_swedish_ci;

--
-- Dumping data for table `users`
--

INSERT INTO `users` (`u_id`, `username`, `f_name`, `l_name`, `email`, `phone`, `password`, `address`, `status`, `date`) VALUES
(1, 'SAL', 'Salman', 'Ansari', 'salman@gmail.com', '1324325445', 'a32de55ffd7a9c4101a0c5c8788b38ed', 'Mira Road', 1, '2021-04-07 08:43:49'),
(2, 'PAR', 'Parth', 'Desai', 'parth@gmail.com', '4325345332', 'bc28715006af20d0e961afd053a984d9', 'Vasai', 1, '2021-04-07 08:44:35'),
(3, 'HIT', 'Hitesh', 'Gosavi', 'hitesh@gmail.com', '4325345332', '58b2318af54435138065ee13dd8bea16', 'Malad', 1, '2021-04-07 08:44:53'),
(4, 'kushal', 'Kushal', 'Bajracharya', 'kushal@gmail.com', '9860102155', '25f9e794323b453885f5181f1b624d0b', 'Hetauda', 1, '2021-11-12 07:35:11'),
(5, 'abcd', 'abc', 'abc', 'abc@gmail.com', '1234567891', '25f9e794323b453885f5181f1b624d0b', 'Hetauda', 1, '2021-11-14 03:40:08'),
(6, 'rams', 'ram', 'sharma', 'ram@gmail.com', '9860102155', '25f9e794323b453885f5181f1b624d0b', 'new york', 1, '2021-11-14 03:41:19');

-- --------------------------------------------------------

--
-- Table structure for table `users_orders`
--

CREATE TABLE `users_orders` (
  `o_id` int(222) NOT NULL,
  `u_id` int(222) NOT NULL,
  `title` varchar(222) NOT NULL,
  `quantity` int(222) NOT NULL,
  `price` decimal(10,2) NOT NULL,
  `status` varchar(222) DEFAULT NULL,
  `date` timestamp NOT NULL DEFAULT current_timestamp() ON UPDATE current_timestamp()
) ENGINE=InnoDB DEFAULT CHARSET=latin1 COLLATE=latin1_swedish_ci;

--
-- Dumping data for table `users_orders`
--

INSERT INTO `users_orders` (`o_id`, `u_id`, `title`, `quantity`, `price`, `status`, `date`) VALUES
(2, 4, 'Chicken Roast', 1, '1000.00', NULL, '2021-11-14 03:52:35');

--
-- Indexes for dumped tables
--

--
-- Indexes for table `admin`
--
ALTER TABLE `admin`
  ADD PRIMARY KEY (`adm_id`);

--
-- Indexes for table `dishes`
--
ALTER TABLE `dishes`
  ADD PRIMARY KEY (`d_id`);

--
-- Indexes for table `remark`
--
ALTER TABLE `remark`
  ADD PRIMARY KEY (`id`);

--
-- Indexes for table `restaurant`
--
ALTER TABLE `restaurant`
  ADD PRIMARY KEY (`rs_id`);

--
-- Indexes for table `res_category`
--
ALTER TABLE `res_category`
  ADD PRIMARY KEY (`c_id`);

--
-- Indexes for table `users`
--
ALTER TABLE `users`
  ADD PRIMARY KEY (`u_id`);

--
-- Indexes for table `users_orders`
--
ALTER TABLE `users_orders`
  ADD PRIMARY KEY (`o_id`);

--
-- AUTO_INCREMENT for dumped tables
--

--
-- AUTO_INCREMENT for table `admin`
--
ALTER TABLE `admin`
  MODIFY `adm_id` int(222) NOT NULL AUTO_INCREMENT, AUTO_INCREMENT=3;

--
-- AUTO_INCREMENT for table `dishes`
--
ALTER TABLE `dishes`
  MODIFY `d_id` int(222) NOT NULL AUTO_INCREMENT, AUTO_INCREMENT=18;

--
-- AUTO_INCREMENT for table `remark`
--
ALTER TABLE `remark`
  MODIFY `id` int(11) NOT NULL AUTO_INCREMENT;

--
-- AUTO_INCREMENT for table `restaurant`
--
ALTER TABLE `restaurant`
  MODIFY `rs_id` int(222) NOT NULL AUTO_INCREMENT, AUTO_INCREMENT=5;

--
-- AUTO_INCREMENT for table `res_category`
--
ALTER TABLE `res_category`
  MODIFY `c_id` int(222) NOT NULL AUTO_INCREMENT, AUTO_INCREMENT=5;

--
-- AUTO_INCREMENT for table `users`
--
ALTER TABLE `users`
  MODIFY `u_id` int(222) NOT NULL AUTO_INCREMENT, AUTO_INCREMENT=7;

--
-- AUTO_INCREMENT for table `users_orders`
--
ALTER TABLE `users_orders`
  MODIFY `o_id` int(222) NOT NULL AUTO_INCREMENT, AUTO_INCREMENT=3;
COMMIT;

/*!40101 SET CHARACTER_SET_CLIENT=@OLD_CHARACTER_SET_CLIENT */;
/*!40101 SET CHARACTER_SET_RESULTS=@OLD_CHARACTER_SET_RESULTS */;
/*!40101 SET COLLATION_CONNECTION=@OLD_COLLATION_CONNECTION */;
